RF_Power_W,Pressure_mTorr,Gas_Flow_sccm,Electrode_Gap_cm,Etch_Rate_nm_per_min,Uniformity_pct,Selectivity_ratio
287.27,78.24,81.31,1.565,542.89,5.363,8.381
575.36,12.21,32.91,3.284,594.94,11.128,3.747
466.0,11.99,93.73,1.741,741.37,8.027,5.588
399.33,39.12,76.02,2.115,693.34,7.687,5.567
178.01,53.98,141.88,1.875,747.63,4.146,8.715
178.0,79.34,129.04,1.731,599.93,3.844,10.206
129.04,71.5,85.63,4.303,388.74,3.547,7.322
533.09,50.13,59.22,2.143,749.57,8.558,5.114
400.56,34.63,197.85,4.708,1053.07,6.956,5.685
454.04,99.74,101.72,4.88,503.45,7.528,6.675
110.29,48.36,143.89,3.285,649.32,3.651,8.872
584.95,50.62,45.3,1.572,748.37,9.11,4.641
516.22,24.73,107.41,2.498,844.43,8.378,4.66
206.17,81.53,24.96,4.191,163.7,4.661,7.24
190.91,72.43,110.98,2.47,552.99,3.12,10.161
191.7,29.87,193.52,1.348,938.36,4.614,9.827
252.12,17.41,89.16,3.227,513.8,6.491,5.848
362.38,71.24,27.02,4.38,388.79,6.259,6.985
315.97,68.91,25.57,4.184,352.57,6.73,6.34
245.61,34.59,89.84,1.7,591.42,6.235,7.526
405.93,95.58,48.8,3.691,353.17,5.687,6.969
169.75,23.6,24.2,1.882,302.87,6.138,6.697
246.07,48.91,156.12,1.873,842.47,5.522,8.99
283.18,94.93,102.53,4.496,419.14,4.851,8.322
328.03,47.78,72.06,1.999,617.55,6.53,6.692
492.59,67.47,182.01,2.053,1110.46,6.365,6.635
199.84,45.78,40.91,1.003,418.94,6.045,7.436
357.12,34.68,192.07,4.483,977.23,5.999,5.939
396.21,98.56,76.51,4.17,386.41,4.866,7.307
123.23,46.84,179.91,3.509,794.54,4.049,8.567
403.77,90.47,128.53,4.001,651.0,5.501,7.436
185.26,30.7,168.81,1.608,821.92,4.96,9.329
132.53,29.18,197.12,2.833,853.22,3.522,9.536
574.44,12.8,71.91,2.405,740.59,9.585,3.77
582.82,68.65,193.0,1.375,1235.52,7.414,6.871
504.2,43.17,90.11,2.945,822.76,7.228,6.219
252.31,87.79,89.39,4.683,385.4,5.579,8.365
148.84,52.59,81.27,1.16,544.34,4.34,8.688
442.12,97.14,117.45,2.166,620.45,5.253,7.189
320.08,26.7,47.75,1.83,520.59,7.214,6.366
161.02,88.18,119.67,1.953,506.84,3.702,10.383
347.59,79.89,117.51,4.634,638.51,5.563,7.085
117.19,79.38,157.14,2.872,618.37,1.776,10.299
554.66,86.03,170.06,2.865,985.59,6.821,6.803
229.39,78.49,99.28,4.042,505.99,4.656,8.208
431.26,66.36,74.42,1.618,674.19,7.346,5.556
255.86,21.81,66.68,2.949,464.19,6.544,6.279
360.03,12.93,55.03,2.72,482.1,8.732,5.727
373.36,92.88,30.38,3.388,301.25,6.673,6.771
192.43,65.5,81.64,4.998,442.23,4.668,7.769
584.79,81.69,68.64,4.078,649.72,8.791,4.857
487.57,53.34,193.96,2.591,1167.58,6.653,7.042
569.75,20.56,120.39,4.31,884.91,9.601,3.861
547.41,21.27,82.51,1.683,800.67,8.861,4.109
398.95,71.7,124.48,1.122,847.27,6.277,8.534
560.94,48.73,45.06,1.818,717.22,8.845,5.344
144.25,28.05,99.93,2.362,561.58,5.188,7.676
197.99,54.24,132.72,3.042,711.5,4.471,8.707
122.61,15.78,108.0,3.461,485.23,4.027,7.803
262.67,62.38,92.32,4.642,546.2,5.48,7.622
294.34,34.21,198.89,3.039,1007.6,5.393,6.902
235.67,81.78,178.46,3.005,756.55,3.046,9.954
514.37,37.93,132.21,1.201,1007.57,8.695,5.7
278.38,50.97,122.49,1.14,791.03,5.914,8.006
240.47,11.05,131.72,3.205,650.98,5.975,8.082
371.35,16.52,56.24,2.753,504.05,7.646,5.412
170.46,45.32,91.12,4.357,499.42,4.49,7.407
501.1,53.19,27.1,1.643,621.41,8.238,4.263
137.28,64.0,105.6,1.1,555.35,4.441,10.243
593.44,36.25,117.74,2.796,998.61,8.759,4.006
486.12,72.55,60.99,1.95,648.78,7.439,5.811
199.36,87.41,193.53,1.198,802.02,2.987,10.438
102.76,80.19,183.7,3.898,664.64,2.022,10.959
507.73,13.57,149.99,1.446,969.59,9.211,5.798
453.43,53.25,116.01,3.433,849.39,6.816,6.021
464.5,19.44,176.59,2.124,1047.79,7.11,6.15
485.64,31.78,43.52,1.694,651.45,9.288,4.695
137.02,98.8,162.29,2.519,500.09,1.894,10.805
279.23,22.82,42.47,4.206,391.38,7.178,5.65
157.93,54.9,162.96,2.568,806.37,4.118,9.727
531.55,65.63,69.64,4.003,709.26,8.043,5.696
411.65,73.22,177.88,1.502,1028.18,5.856,8.479
265.45,60.37,189.93,4.091,895.99,3.909,8.178
131.78,10.88,46.78,1.948,274.65,5.857,7.527
255.49,39.38,103.28,3.71,616.61,5.868,7.011
262.59,56.59,196.58,3.263,945.39,3.445,8.043
464.8,17.91,107.01,4.717,724.57,8.808,4.272
418.78,41.56,175.44,2.549,1073.08,6.407,6.928
543.61,12.99,125.97,1.265,943.37,9.497,5.376
336.11,17.07,87.56,1.077,648.68,8.158,6.284
159.8,45.72,71.44,4.307,405.15,5.169,6.911
456.62,21.94,56.58,3.099,607.9,8.973,4.67
480.39,61.08,157.12,4.101,987.0,6.443,6.387
380.64,72.05,89.58,1.938,675.39,6.228,7.524
485.48,82.05,112.03,2.38,744.04,6.555,7.444
346.9,28.01,108.62,1.12,757.69,6.867,7.325
361.37,25.07,123.91,4.846,733.0,7.743,5.349
313.77,19.41,175.8,3.671,889.34,6.996,6.421
112.71,67.28,196.53,4.733,737.74,2.83,9.142
153.95,73.58,93.37,2.062,480.12,3.976,9.64
115.71,12.84,168.95,3.446,662.63,4.294,8.84
418.21,94.26,157.62,3.714,758.64,4.778,7.787
257.18,14.68,123.24,2.27,670.81,5.463,6.813
354.29,58.72,192.09,4.392,1005.45,5.135,8.264
553.78,73.82,56.09,4.789,610.57,7.921,5.161
224.65,88.39,39.67,4.539,168.26,5.496,8.107
305.19,74.27,173.71,3.956,835.51,4.423,7.741
477.78,82.16,99.05,2.11,740.8,6.54,7.339
214.4,40.55,172.45,2.126,901.79,4.908,8.123
138.49,83.33,180.76,4.853,657.43,2.37,9.177
244.88,17.21,31.24,1.041,378.4,7.097,6.384
180.61,90.53,179.02,3.864,652.59,2.673,9.609
564.85,59.28,100.7,3.825,860.23,8.605,5.008
504.06,83.56,111.88,3.491,747.01,6.812,5.825
416.7,50.71,132.79,4.96,867.04,7.201,6.507
535.73,67.92,186.75,2.248,1141.38,6.784,7.509
501.84,57.38,23.44,2.36,610.04,8.479,4.259
193.29,75.84,105.83,1.316,561.36,4.354,9.882
546.28,17.35,143.79,2.771,999.38,8.184,4.351
369.67,15.43,150.09,2.044,838.63,7.134,6.822
503.72,32.24,144.66,2.374,1019.25,7.445,5.638
548.05,24.36,44.2,4.338,612.68,9.875,3.501
259.0,88.46,73.89,4.742,319.0,4.702,7.806
155.03,29.73,84.57,1.743,516.48,6.331,8.581
213.97,97.83,164.8,2.49,610.39,2.745,9.504
313.55,40.32,70.18,4.715,529.63,6.348,6.293
509.01,26.39,57.93,1.247,700.57,9.367,5.475
530.37,81.07,192.34,1.369,1121.28,6.808,8.06
103.48,69.28,21.6,1.651,217.88,4.949,10.134
355.37,54.84,199.61,3.381,1065.69,4.829,7.519
308.71,59.98,141.83,1.602,862.79,4.796,8.746
211.05,74.73,169.12,4.872,719.09,4.253,8.73
159.93,30.56,73.03,2.787,480.95,4.485,8.148
268.81,99.67,22.58,3.006,116.72,4.3,8.16
571.45,97.73,152.82,1.987,865.48,6.557,7.099
261.6,68.53,170.15,2.884,821.78,3.877,9.452
359.4,27.96,153.29,3.648,870.72,6.757,6.156
451.51,71.22,45.71,4.005,526.74,7.05,5.074
281.81,16.5,155.62,4.015,775.11,6.064,6.334
585.89,12.76,158.41,3.312,1033.02,9.011,4.596
581.22,33.19,138.54,4.617,983.24,9.138,5.042
225.89,51.64,157.9,4.27,786.54,4.678,8.096
348.62,88.14,172.27,4.028,791.1,4.705,9.029
250.44,75.45,130.45,1.222,728.38,4.985,8.519
242.42,76.84,35.95,1.028,378.24,5.705,8.196
118.44,48.29,107.77,1.85,592.07,4.299,8.88
404.78,41.13,33.98,3.654,521.19,7.103,5.182
351.34,43.39,93.36,2.645,714.86,6.44,6.673
125.74,98.89,93.28,2.61,275.5,2.706,10.456
239.32,13.61,31.88,4.538,242.88,7.573,5.229
554.13,88.03,82.79,4.582,624.31,7.428,5.731
219.78,62.08,39.98,4.637,322.98,5.327,7.09
172.45,49.48,165.48,2.256,823.27,3.654,8.62
344.73,75.27,190.58,3.764,951.93,4.803,8.22
592.83,53.8,33.02,2.087,701.37,9.763,4.504
221.03,88.61,191.92,1.762,758.53,2.965,10.198
436.07,91.06,114.06,1.739,679.27,6.356,7.878
480.81,47.95,73.92,2.368,771.12,7.932,5.659
218.82,34.91,33.84,2.72,385.33,5.865,6.603
464.11,63.31,110.11,4.324,798.04,7.086,6.627
283.89,92.11,163.01,1.48,720.9,4.352,9.094
416.15,28.96,147.28,3.94,878.36,7.326,5.47
416.76,66.07,29.04,3.126,495.53,7.856,7.391
367.89,66.84,33.12,2.152,469.39,6.341,6.229
145.14,75.98,92.52,2.971,469.28,3.466,8.475
517.65,21.84,73.15,2.2,751.33,8.898,4.953
260.39,74.42,61.83,3.384,416.49,4.559,6.714
193.26,91.81,70.58,2.735,286.52,3.574,8.976
120.39,26.17,164.63,1.658,753.78,4.364,10.044
395.45,31.38,187.26,1.466,1084.59,7.921,6.438
438.78,97.43,92.92,3.187,537.9,5.537,6.395
108.29,26.29,183.1,4.61,738.94,3.655,7.621
356.05,86.89,77.87,2.376,496.85,5.534,8.274
213.25,54.31,105.76,3.932,623.68,3.989,8.364
422.59,32.25,60.69,3.635,616.84,7.869,4.847
187.18,88.37,135.29,4.726,506.72,3.565,9.43
445.47,50.08,196.22,4.284,1096.86,6.822,7.311
293.37,56.33,128.63,3.266,761.79,5.453,8.543
568.36,42.33,84.41,3.628,841.86,8.619,4.355
168.76,63.37,136.61,4.594,598.03,3.998,7.388
270.53,24.72,42.13,2.598,455.65,6.397,5.809
156.74,45.2,179.96,2.307,874.76,3.238,8.996
562.35,97.25,110.56,1.043,737.22,7.507,7.082
538.67,33.23,100.88,4.306,824.31,8.394,4.311
228.97,69.11,125.46,4.204,631.54,4.278,8.794
429.99,39.27,132.46,1.418,942.0,7.032,7.275
508.61,79.61,32.92,3.307,512.36,7.711,5.571
377.6,21.78,142.87,2.856,853.95,7.472,6.754
364.83,97.28,63.55,1.475,407.22,5.184,8.372
220.93,50.84,148.51,4.922,753.16,4.227,7.799
146.55,31.24,168.06,1.859,807.79,4.254,9.341
548.61,16.61,164.71,1.269,1072.83,9.039,5.412
550.21,25.28,119.45,3.379,936.7,8.788,5.566
416.55,56.78,113.63,3.955,815.01,6.529,5.601
269.51,40.33,45.72,1.13,556.17,6.696,6.914
274.6,84.6,159.56,3.635,693.03,4.013,8.783
462.98,48.78,68.85,3.129,708.65,7.946,5.729
548.56,32.38,109.41,1.413,918.31,8.273,5.887
543.54,65.54,71.17,1.69,789.17,8.134,5.81
489.94,73.61,44.09,3.272,557.07,7.444,5.037
421.02,25.03,133.32,2.185,912.82,7.085,6.482
142.07,25.09,29.78,4.753,208.85,6.764,6.865
180.81,13.3,154.76,4.275,622.69,5.117,6.247
549.28,76.28,77.17,4.934,668.5,8.19,5.184
403.21,69.74,20.02,2.039,427.12,7.347,5.66
104.6,52.72,112.0,4.879,514.85,3.859,8.069
150.74,85.98,28.43,2.725,127.43,3.015,8.389
431.75,82.51,69.71,2.39,575.02,6.218,7.406
102.53,62.68,147.26,1.201,663.21,3.804,10.231
180.4,88.14,31.28,1.211,210.23,4.428,8.508
374.37,28.53,171.08,3.768,973.02,6.146,6.881
445.95,20.07,20.69,2.832,480.16,9.088,3.675
425.98,34.28,64.43,1.906,666.63,7.892,5.858
212.13,15.14,153.36,3.456,699.96,5.112,6.847
456.09,57.81,76.93,2.011,742.15,7.513,6.068
218.62,94.29,38.34,3.311,175.65,4.407,8.722
262.7,13.54,84.84,2.437,499.75,7.55,6.683
473.25,20.99,68.67,4.294,642.26,9.265,4.911
424.82,50.7,171.69,4.283,961.45,6.987,6.513
524.61,94.05,76.4,2.909,564.63,6.494,6.669
428.81,38.45,162.01,2.403,1010.25,6.343,6.403
384.15,55.65,180.54,2.45,1046.44,5.611,7.758
146.84,13.74,98.09,4.223,424.95,5.607,7.171
283.86,23.35,183.79,2.313,913.46,5.144,7.525
232.6,98.8,87.92,1.836,334.27,3.878,8.53
221.99,96.86,193.53,1.339,743.52,3.203,10.829
586.51,10.44,36.07,2.867,594.46,10.388,3.304
296.55,95.66,143.66,2.929,591.98,3.889,8.715
546.02,67.52,108.89,4.364,833.27,8.008,4.795
415.57,88.11,89.78,1.885,613.49,5.858,8.389
497.41,50.93,133.89,2.524,967.38,7.092,6.376
351.32,56.4,146.69,4.234,843.18,5.368,6.964
388.45,54.0,20.79,4.294,470.84,8.288,4.863
346.26,70.02,50.05,2.538,478.35,6.052,6.659
197.62,22.57,148.35,2.836,693.22,4.791,8.38
461.23,12.7,139.95,2.213,894.38,7.775,5.496
240.39,37.71,193.89,4.73,899.72,6.2,7.453
112.16,73.42,156.99,1.475,680.45,2.53,10.688
422.74,28.17,191.14,4.735,1022.72,6.993,5.547
188.56,70.61,146.46,3.735,666.57,3.763,9.704
570.23,97.29,73.65,3.126,592.19,7.338,6.832
576.96,18.45,38.97,1.131,697.13,10.957,3.755
557.43,70.53,160.73,2.902,1068.06,7.613,6.079
285.08,49.94,135.95,2.631,778.92,5.343,6.479
107.73,88.13,28.67,1.645,116.1,3.266,8.835
564.16,25.94,84.81,3.626,760.46,9.163,3.356
314.09,72.34,192.22,4.885,888.25,4.926,8.182
583.33,85.43,110.07,3.249,817.1,8.096,5.859
581.81,95.02,97.89,3.859,673.3,6.773,5.345
526.5,71.49,102.39,1.274,857.55,8.268,6.434
247.22,54.75,57.6,2.671,486.09,5.458,7.692
292.55,65.61,86.37,1.465,615.77,6.043,8.316
525.57,88.2,86.57,3.451,648.53,6.884,5.322
258.46,61.35,29.42,4.754,341.24,5.814,6.577
184.75,12.73,158.16,3.647,651.49,5.443,6.7
378.4,93.79,94.97,1.307,561.65,5.96,8.795
568.08,72.06,167.99,2.419,1108.47,7.46,6.964
448.01,70.89,173.06,3.203,989.93,5.699,6.863
385.03,29.41,58.16,2.613,604.15,7.301,5.217
148.59,69.3,138.32,4.335,641.15,2.934,8.743
407.5,45.45,105.01,4.259,755.87,7.493,4.75
595.03,68.61,178.43,3.447,1149.82,7.456,6.216
170.04,19.59,58.83,2.494,368.94,5.34,6.931
359.16,69.21,142.01,2.021,851.76,5.271,8.502
538.69,99.95,129.4,1.423,760.36,6.538,7.007
470.38,14.34,73.15,2.42,663.69,8.181,4.363
448.51,97.95,44.59,2.653,353.39,5.913,6.247
451.24,46.62,137.3,3.703,924.37,6.569,5.549
279.75,88.37,152.95,3.633,684.95,3.705,8.262
246.8,80.41,76.81,1.28,490.46,4.68,9.32
504.68,61.03,136.07,2.581,982.0,6.372,6.031
505.06,76.46,91.12,1.727,762.42,8.164,6.709
533.54,89.07,148.38,1.627,918.63,7.23,7.209
556.62,46.37,55.86,4.309,714.92,8.829,3.569
355.67,39.43,180.24,1.168,1036.91,6.413,7.706
350.76,70.08,71.73,2.677,580.45,5.984,7.51
499.15,82.71,86.2,1.673,691.33,7.656,6.244
424.98,78.61,30.46,4.517,393.77,6.867,6.312
450.98,81.8,40.07,3.228,473.82,7.183,5.854
497.9,49.2,112.86,1.926,922.94,7.585,5.802
545.0,83.61,68.17,3.01,624.62,6.73,6.192
269.0,20.82,170.39,3.926,840.04,6.022,6.667
287.79,59.0,22.64,4.832,344.0,7.131,6.263
146.99,10.52,88.24,1.882,419.15,6.754,7.3
389.14,39.21,80.72,4.545,623.6,7.046,5.572
117.97,42.98,23.48,4.737,211.48,5.63,5.969
332.8,45.66,42.39,4.666,457.86,7.037,4.817
371.32,72.59,94.46,3.542,640.86,6.121,7.397
243.27,44.97,108.72,3.519,643.86,4.616,7.953
395.42,50.38,92.77,2.613,712.77,6.165,6.037
115.25,31.38,115.57,4.01,529.69,4.149,7.85
118.67,43.59,127.12,3.125,612.91,3.689,8.839
511.3,30.45,21.79,3.71,558.58,9.009,4.275
280.1,16.59,103.54,2.714,599.49,6.646,5.464
163.53,64.31,193.43,3.926,859.48,3.553,8.935
361.12,70.14,113.43,4.298,660.94,6.132,6.894
485.0,65.75,141.96,1.586,1000.36,7.671,7.388
207.91,51.71,76.14,4.332,477.48,5.465,8.599
411.45,44.18,159.32,3.161,991.15,5.774,6.565
142.67,87.7,159.13,4.379,555.85,3.301,9.064
125.84,56.72,113.83,2.725,591.99,3.286,9.217
365.68,53.13,195.68,2.516,1071.06,5.664,8.531
370.32,12.31,42.6,4.66,384.69,9.202,4.489
418.71,40.71,23.05,2.005,556.12,8.316,5.047
463.05,44.22,158.63,4.377,987.61,6.67,6.374
587.93,45.89,165.29,2.936,1158.09,7.508,5.777
358.15,62.22,41.64,3.056,515.6,6.85,5.988
261.48,58.02,67.8,2.234,522.98,5.435,7.848
497.59,64.71,23.16,3.292,545.67,7.952,5.703
235.42,78.84,72.8,2.301,435.46,4.844,9.111
319.49,83.17,159.17,1.157,816.62,5.124,9.15
139.23,74.63,113.23,2.088,534.52,3.497,9.452
112.68,96.0,82.66,1.026,252.87,3.127,11.111
581.32,11.64,86.91,4.913,713.65,10.235,2.489
517.99,27.62,20.24,4.863,532.65,10.237,3.648
447.99,10.68,73.96,2.581,632.44,8.809,4.017
304.48,68.27,136.36,3.913,738.55,4.895,8.335
186.65,90.82,195.35,2.383,747.48,2.868,10.341
178.22,31.91,172.47,3.684,793.2,4.322,8.785
225.12,93.43,24.25,4.222,129.9,4.354,8.224
374.61,15.42,181.74,4.787,903.11,6.877,5.236
457.3,94.1,160.98,2.601,823.61,4.908,8.706
430.1,41.65,160.47,4.133,990.07,6.791,6.949
239.97,19.13,102.44,2.064,589.01,6.669,7.501
577.43,53.73,91.64,4.961,854.05,8.709,4.04
468.95,33.11,74.52,1.103,746.19,8.785,5.503
377.18,35.64,31.83,3.414,513.19,7.287,5.418
405.86,37.66,61.08,3.638,607.37,7.469,5.05
309.8,82.27,64.39,3.752,416.21,4.683,8.354
223.87,58.52,107.13,1.482,633.4,4.931,8.664
277.99,38.02,154.54,4.754,797.12,5.718,5.684
478.92,64.93,105.29,1.725,831.12,7.515,6.822
107.2,74.45,30.41,3.491,173.09,3.82,8.459
158.04,34.54,192.4,1.891,898.56,3.585,9.091
123.0,47.22,189.69,2.229,876.67,3.659,9.477
120.36,20.97,161.33,3.186,688.48,4.12,8.727
527.73,26.3,198.44,2.669,1199.54,7.716,6.311
451.83,71.3,118.01,1.641,827.37,6.739,7.354
337.09,26.33,193.3,1.684,1026.39,5.967,7.351
148.92,57.26,33.61,2.673,340.84,4.653,8.04
345.81,73.81,85.82,4.029,557.84,5.987,7.107
336.74,19.62,60.57,4.592,500.28,7.111,4.722
186.6,61.06,55.25,1.337,441.72,4.932,8.78
316.93,33.09,45.34,2.572,501.05,6.792,6.369
299.25,96.66,132.03,1.401,607.3,4.514,10.176
407.93,53.52,160.64,1.066,1044.86,7.118,8.256
417.55,82.54,124.09,3.647,719.58,5.408,6.94
122.65,59.52,46.45,3.41,306.8,3.941,8.656
287.31,13.91,166.0,1.652,846.07,6.13,6.808
412.93,66.98,134.47,1.935,884.83,5.88,7.818
351.57,95.63,89.87,1.095,518.7,5.371,8.368
528.24,64.15,141.34,4.34,952.29,7.789,5.298
429.35,83.73,66.78,4.899,500.52,6.452,6.415
181.47,89.58,82.13,1.542,398.9,4.06,8.257
135.28,30.53,185.15,1.926,851.73,3.334,8.232
421.21,29.08,72.29,4.474,631.08,7.982,4.795
113.26,64.99,104.6,4.706,435.97,3.687,8.719
392.89,46.99,180.23,2.679,1007.96,6.515,7.081
570.12,85.59,147.39,1.202,977.96,7.269,6.33
387.74,91.0,31.2,1.158,367.95,5.692,7.184
294.08,41.81,46.51,3.296,471.74,5.54,6.574
421.64,31.32,21.41,2.572,505.85,8.248,5.3
329.13,80.25,133.57,1.115,756.65,5.548,8.768
372.81,34.73,100.58,3.333,743.02,6.964,6.644
570.73,84.04,44.17,1.045,627.74,8.594,6.282
293.05,48.14,192.43,4.149,956.77,5.487,7.405
580.6,70.08,115.34,2.226,949.79,7.644,5.803
552.68,18.6,63.54,1.161,747.15,10.427,3.722
197.9,66.15,110.11,3.353,587.41,3.382,8.442
134.68,50.66,142.33,2.591,687.83,3.205,9.644
150.39,62.79,33.72,4.895,235.24,4.318,7.892
109.11,25.12,69.45,3.177,372.09,4.604,8.323
147.22,76.32,165.25,2.101,712.92,2.871,9.983
441.5,87.65,102.74,3.838,632.39,6.139,7.647
135.59,29.51,118.38,2.086,601.82,4.677,8.262
259.49,18.61,97.91,4.617,507.61,6.333,6.812
522.44,12.13,27.9,2.499,525.51,9.706,3.703
111.64,67.78,49.83,3.199,304.54,3.065,9.032
507.23,64.64,100.2,1.202,862.61,8.396,7.26
240.93,59.2,57.65,2.704,467.11,5.053,7.517
159.08,30.88,29.0,4.329,275.31,5.711,6.754
448.37,45.18,171.86,4.223,1016.37,7.534,6.865
414.47,63.5,196.61,1.897,1089.07,5.218,7.92
538.74,54.71,162.77,1.904,1119.1,7.106,5.727
467.54,98.9,173.68,4.269,779.82,5.041,8.754
501.74,22.28,63.56,4.722,619.93,9.375,3.639
241.02,72.56,192.91,1.381,924.52,4.124,9.843
188.72,46.39,55.45,2.8,441.67,5.317,8.174
475.31,48.54,191.26,2.35,1163.4,7.673,6.557
503.42,74.58,199.07,4.483,1088.41,5.499,6.352
595.25,72.32,148.11,1.334,1101.03,8.212,6.615
306.31,99.21,196.61,1.845,782.71,3.36,9.042
286.01,21.56,122.52,4.01,676.38,6.158,6.237
488.21,19.37,66.72,1.205,701.6,9.104,5.104
270.4,75.19,98.66,2.97,556.17,4.11,8.053
565.38,62.05,126.84,2.768,970.35,8.29,5.005
529.21,34.67,33.15,2.338,640.65,9.522,5.234
314.5,17.15,132.02,2.578,750.52,6.488,6.597
475.44,17.71,196.61,3.12,1132.47,7.845,6.474
477.27,90.48,54.22,1.645,507.44,6.453,6.815
151.56,27.27,162.67,3.288,731.42,3.654,7.806
551.28,39.1,183.42,4.222,1150.94,7.123,5.465
352.63,30.4,189.87,4.041,1000.0,5.852,6.67
513.23,41.95,192.82,1.616,1223.86,7.564,6.007
260.02,16.25,113.86,1.597,674.48,6.577,7.802
547.76,56.72,195.92,2.073,1200.74,7.248,6.346
294.6,16.09,156.32,2.444,775.36,5.558,6.035
105.42,82.03,49.1,2.634,214.75,3.57,9.983
552.69,31.03,105.84,3.719,896.17,8.921,4.2
145.64,58.6,149.3,1.227,725.54,4.208,9.414
259.66,89.21,64.52,1.139,347.07,4.263,8.02
575.03,68.58,135.31,2.568,1006.7,7.637,6.91
575.3,57.97,139.99,3.789,1022.77,7.455,4.755
386.72,39.19,49.29,1.774,587.48,7.53,6.072
415.92,39.97,121.72,3.566,823.32,7.183,6.475
324.22,70.25,158.89,2.039,858.79,4.966,8.702
246.61,99.47,109.8,4.544,364.92,3.661,8.716
264.33,69.57,22.18,4.583,274.03,5.97,5.968
436.26,60.2,21.63,2.189,528.4,7.052,5.471
476.19,75.76,84.27,1.92,673.72,7.539,6.824
495.79,51.87,186.71,2.645,1141.69,6.594,6.27
494.81,15.41,61.16,1.962,639.92,9.737,4.629
145.6,60.61,134.19,3.69,625.41,3.361,9.229
347.21,96.19,59.97,4.304,303.56,5.299,7.898
128.78,25.78,77.9,3.692,418.52,4.707,6.801
374.76,72.1,172.65,4.297,871.39,5.728,8.7
320.77,28.08,151.2,2.588,862.06,5.734,7.396
543.85,58.22,37.17,1.625,694.38,9.128,5.279
275.46,18.7,97.17,3.952,591.03,6.45,6.688
158.53,50.53,25.25,2.442,302.1,4.25,8.95
171.5,78.05,106.56,3.685,483.14,3.354,8.21
480.76,41.28,139.24,2.083,965.61,7.072,6.047
409.11,69.84,41.33,1.325,517.86,7.266,5.649
150.56,81.59,72.0,4.97,297.89,3.65,8.568
142.05,93.45,91.61,1.625,339.45,3.622,10.278
450.48,31.12,185.52,4.954,1058.71,7.461,5.679
136.38,45.94,198.79,4.909,818.27,3.69,8.475
510.93,23.72,28.08,4.175,545.24,9.849,2.628
453.12,99.32,156.98,3.638,756.08,5.622,8.02
140.67,93.43,86.91,3.311,286.18,2.851,10.281
142.42,58.6,90.64,4.464,464.21,4.037,7.89
593.32,85.78,155.77,2.158,996.0,6.429,6.957
287.14,56.89,185.32,2.871,934.63,4.089,7.617
285.32,66.12,191.17,3.478,954.85,3.902,8.798
506.4,18.02,123.88,2.645,873.24,8.469,4.738
573.62,77.97,84.28,2.71,774.53,7.532,5.399
593.0,21.49,161.76,2.321,1089.01,9.214,4.442
476.69,84.35,65.18,3.257,544.87,6.442,6.195
288.13,80.38,121.53,4.402,619.07,4.793,8.192
141.75,73.79,84.54,1.806,441.45,4.31,8.727
488.57,13.25,138.19,4.738,861.62,8.938,4.251
379.2,37.28,63.27,3.756,593.33,7.319,5.57
312.11,33.68,54.49,4.293,459.51,6.842,5.221
553.18,42.41,185.28,3.225,1200.85,7.243,6.631
155.6,17.89,38.32,4.118,238.44,5.743,6.013
346.31,94.33,111.07,1.065,598.0,5.08,8.516
105.68,59.84,59.75,4.274,322.68,4.476,7.776
334.33,37.5,27.01,1.161,471.48,7.595,7.271
128.15,45.73,26.48,4.56,240.05,4.729,7.52
159.41,50.25,51.54,4.968,372.16,6.066,6.789
158.76,64.05,176.02,2.176,821.33,3.363,10.312
424.61,56.41,70.85,1.841,700.26,6.746,6.552
473.02,92.75,191.08,4.061,930.29,5.285,7.819
391.68,54.73,124.69,2.012,863.7,6.468,6.979
581.09,99.29,98.59,4.462,615.27,8.113,5.603
287.44,86.63,124.42,1.411,622.16,4.224,9.289
242.86,28.77,113.01,1.504,694.14,6.424,7.326
534.3,93.75,156.58,4.917,830.88,7.291,7.537
211.8,20.47,70.85,3.695,418.93,5.822,5.885
581.61,83.57,83.55,4.388,714.58,7.918,6.142
106.08,44.26,180.94,2.297,814.59,2.79,9.544
584.94,89.02,190.36,3.706,1033.12,6.476,6.932
121.58,88.13,180.66,3.377,648.82,1.902,10.881
545.57,82.53,95.5,3.413,731.58,7.454,5.728
363.85,81.1,160.47,3.73,821.74,5.329,8.44
596.48,37.42,105.74,3.301,935.02,8.606,3.064
136.9,17.28,109.56,2.716,511.87,4.081,7.344
376.93,46.27,56.84,2.104,624.0,7.163,5.848
584.65,25.62,126.4,4.074,958.06,9.361,3.506
361.55,72.55,53.5,1.905,498.73,6.442,7.14
414.7,41.15,79.68,3.769,668.99,7.293,5.776
447.87,97.8,173.91,1.933,854.02,5.282,8.862
327.27,67.69,57.27,3.501,492.8,6.476,7.055
413.78,84.02,32.81,3.988,371.92,6.837,6.009
392.16,21.93,32.42,1.875,481.65,8.24,5.467
550.58,87.58,189.34,1.24,1070.31,6.489,7.806
122.72,93.05,111.25,1.524,367.47,2.846,10.933
240.48,53.84,93.69,3.424,588.19,5.677,7.989
575.21,64.56,165.96,4.398,1066.41,7.641,5.691
545.13,78.83,170.45,1.18,1062.91,7.102,6.906
327.83,25.74,79.79,3.937,575.1,6.89,5.44
410.07,55.23,144.85,2.365,942.44,6.689,6.84
238.69,45.88,158.8,2.914,867.17,5.241,8.023
194.06,23.17,137.84,4.715,613.94,5.733,7.24
331.85,43.08,47.29,2.328,556.44,6.855,6.77
276.68,16.14,177.66,2.861,875.06,5.576,7.163
391.83,12.32,117.04,1.055,758.53,7.203,6.097
138.87,22.16,70.85,1.326,438.95,5.983,7.936
587.2,96.68,96.54,2.034,688.91,7.446,6.3
593.11,59.46,26.76,1.111,704.0,9.806,4.51
449.08,96.92,43.02,3.526,374.13,6.079,5.81
368.05,48.92,157.8,2.706,955.19,5.599,6.942
254.76,38.06,20.0,3.193,360.04,6.118,6.583
506.9,55.55,94.98,1.699,854.36,8.382,5.7
442.37,49.56,114.05,2.184,846.47,6.971,6.314
181.31,19.51,29.83,3.655,255.54,7.025,6.57
555.46,67.67,195.15,4.861,1155.48,7.49,6.34
511.27,29.44,60.7,1.202,722.31,8.831,4.5
574.9,65.76,74.76,4.562,731.65,8.602,5.251
462.86,68.52,74.71,3.308,674.34,6.688,6.671
406.71,23.68,61.47,3.256,573.8,6.966,4.53
309.12,15.52,20.27,3.001,318.56,8.063,4.883
566.36,80.27,151.28,1.278,1010.66,7.713,7.602
533.03,51.38,194.03,1.36,1224.05,7.718,6.736
122.61,15.23,60.37,3.404,286.08,5.393,5.949
113.18,99.54,139.35,2.364,417.69,1.454,10.065
288.23,15.2,153.54,4.669,716.13,6.365,6.16
505.28,72.55,172.72,2.626,1026.04,6.635,6.492
593.64,98.53,96.07,1.573,684.17,7.17,6.489
175.21,31.53,74.53,3.859,457.94,4.392,7.148
397.07,22.8,78.55,2.173,660.81,7.741,6.372
290.45,20.92,148.27,3.102,779.15,5.778,6.711
584.96,37.29,167.02,3.791,1132.32,8.431,5.508
521.06,19.09,52.69,4.601,575.71,10.043,4.265
519.16,72.29,86.77,4.169,731.13,7.878,6.35
334.35,15.61,182.35,3.705,907.77,6.437,6.648
307.41,55.85,165.2,3.719,879.82,5.512,6.771
236.7,99.7,197.27,4.784,667.84,2.509,9.866
128.19,83.26,155.76,2.183,600.92,2.755,10.899
532.36,65.37,90.78,1.004,874.68,8.504,6.268
506.45,37.56,126.31,2.088,967.73,7.544,6.584
599.86,66.15,138.98,1.872,1054.22,7.474,6.444
598.32,57.43,34.12,3.647,672.6,8.88,4.468
377.72,48.35,118.01,3.535,793.1,6.096,7.092
484.49,21.76,147.68,3.374,964.06,8.166,5.408
572.38,89.79,50.12,1.065,588.58,8.057,5.05
524.82,50.48,160.51,3.915,1045.88,7.152,5.497
223.67,27.52,125.08,2.294,708.58,5.198,8.197
325.27,43.1,191.4,3.66,995.62,5.757,7.103
164.58,47.27,27.64,3.226,319.0,5.047,7.298
577.03,84.48,67.76,2.371,703.58,7.738,5.362
403.09,76.03,128.28,1.538,810.49,6.008,8.769
214.32,79.24,73.38,1.378,459.29,5.198,9.824
435.85,10.99,148.6,4.326,811.02,7.774,4.589
409.06,47.45,156.62,4.674,939.82,7.296,6.389
279.08,53.32,38.45,3.599,428.59,6.131,6.332
156.78,11.73,112.49,1.414,549.11,5.661,8.106
435.79,33.38,111.6,2.608,823.99,8.397,6.104
360.15,78.43,86.47,3.916,535.41,5.328,7.567
486.16,22.34,187.93,4.119,1079.33,7.618,5.59
360.08,58.18,168.95,1.473,964.0,5.284,9.58
526.09,29.37,145.5,1.0,1054.66,9.106,5.313
375.95,11.09,148.58,3.849,804.01,7.956,4.801
380.47,31.71,103.11,2.426,760.6,7.72,6.014
538.33,97.83,185.78,2.018,985.4,6.473,7.097
301.74,82.14,145.03,1.052,779.03,4.803,8.439
167.01,96.36,151.22,3.161,494.95,2.185,9.618
114.39,53.91,175.1,4.405,743.25,2.669,8.671
477.57,19.88,69.33,4.831,620.32,10.033,3.543
410.15,59.32,165.27,3.263,953.33,5.962,7.431
452.04,50.89,55.14,3.058,633.56,7.269,5.291
206.48,85.99,82.16,1.34,419.93,4.859,9.258
168.19,18.83,80.41,3.195,402.31,5.002,7.512
107.27,53.94,196.13,2.52,858.17,2.848,9.582
275.29,23.5,174.18,3.429,862.58,5.408,7.084
394.96,39.22,146.21,2.555,905.48,6.744,6.895
296.12,76.36,150.87,1.961,798.26,4.552,7.871
318.74,52.84,121.17,1.38,815.74,5.458,6.641
552.08,43.83,190.48,2.26,1232.73,7.627,6.298
274.13,45.5,109.33,1.387,726.1,6.348,8.095
356.99,51.35,88.49,1.708,725.72,6.65,8.089
491.83,80.65,49.35,4.949,512.84,8.095,5.573
298.27,90.29,161.52,2.776,719.45,3.33,9.515
411.04,95.98,152.2,3.127,707.62,4.75,8.077
531.18,80.82,89.18,4.494,689.95,7.343,5.867
574.76,38.39,24.53,4.982,613.86,10.442,4.138
173.54,71.93,171.02,3.331,738.57,3.012,8.419
563.29,49.38,22.06,4.25,629.48,9.707,4.128
346.06,32.92,146.67,2.308,878.77,6.718,8.061
229.12,85.68,194.65,2.223,822.0,3.362,10.158
329.57,13.46,98.78,2.611,610.96,7.169,6.797
590.02,91.16,62.3,3.69,588.89,7.419,5.216
346.31,51.53,146.88,3.729,835.24,5.739,7.11
264.38,67.35,167.08,2.261,849.85,4.035,8.915
416.7,69.34,118.36,1.533,810.42,6.352,6.362
220.07,90.56,194.07,3.53,743.27,2.605,9.254
137.93,67.3,29.3,1.513,302.12,4.27,8.206
164.44,65.25,110.86,3.314,567.72,2.921,9.168
164.02,16.0,149.32,3.774,606.43,4.709,7.965
175.95,56.66,175.28,3.802,836.36,3.705,9.066
169.41,23.52,52.27,4.014,339.47,5.332,7.081
420.44,76.37,164.0,4.491,868.88,5.876,7.138
190.94,56.1,119.49,3.0,646.78,4.792,9.051
272.83,71.22,91.38,3.921,544.48,5.456,7.696
548.39,13.75,43.71,3.477,584.31,10.482,3.448
336.98,17.63,175.75,1.747,943.46,6.741,6.934
433.78,74.47,48.31,1.103,572.95,7.847,7.258
186.16,16.49,75.76,2.138,440.72,5.665,6.911
196.14,16.41,72.21,2.772,416.31,5.58,7.302
120.43,11.09,176.85,3.468,659.67,3.195,7.531
184.47,96.09,141.09,4.4,457.92,3.586,8.948
239.3,76.38,163.4,1.785,800.87,4.57,9.819
188.51,41.79,65.08,1.502,507.27,5.358,7.902
144.35,36.69,132.48,4.854,621.1,4.658,7.587
160.32,41.47,122.91,1.432,684.41,4.455,9.206
330.39,79.72,169.91,2.914,836.19,4.401,8.27
203.17,69.52,183.1,3.342,838.44,3.702,9.189
282.13,26.67,22.19,3.165,337.73,6.169,6.515
351.71,25.67,141.32,1.344,862.84,7.16,7.736
445.2,18.86,29.33,1.228,524.39,9.191,5.715
119.66,69.43,118.79,1.422,594.44,3.602,9.746
499.71,78.79,71.77,3.342,653.76,7.236,6.697
413.95,33.85,75.22,3.177,681.82,7.367,5.029
140.88,11.89,83.53,1.935,431.12,5.601,7.031
536.79,17.4,131.83,3.551,897.14,8.663,3.305
560.44,97.11,80.13,4.28,560.68,7.79,6.783
130.54,36.59,151.89,1.166,755.16,4.59,8.79
238.44,79.23,92.81,2.993,509.96,4.171,8.437
503.1,66.22,32.3,3.757,554.51,7.516,4.702
474.13,44.37,161.08,2.009,1060.74,7.044,6.894
192.26,28.51,71.44,2.231,491.32,6.02,7.174
204.67,20.92,97.9,3.455,541.23,5.637,6.281
285.24,65.35,143.38,4.592,732.19,5.359,7.956
342.26,79.72,79.84,4.24,504.99,6.435,6.463
409.13,67.95,30.19,3.333,456.81,7.299,5.649
284.46,57.73,87.31,3.921,547.29,5.645,6.1
331.27,13.78,190.0,2.459,950.36,6.011,6.213
473.74,97.16,135.51,3.564,702.11,4.671,7.5
118.34,81.88,140.87,2.865,553.49,2.305,9.077
226.22,36.35,133.81,1.76,730.66,5.199,7.35
456.67,98.2,55.82,3.807,378.41,6.542,6.707
547.6,64.17,95.3,3.226,802.02,7.627,5.258
355.84,62.42,155.17,2.434,927.93,5.232,8.843
366.06,77.33,38.25,4.645,368.54,5.905,7.297
153.59,83.06,70.01,1.084,386.97,3.734,9.204
323.71,69.08,69.74,2.263,574.64,5.953,7.78
366.31,21.53,97.76,1.228,709.76,8.435,6.699
221.24,40.44,196.47,4.066,905.17,4.422,7.89
234.62,93.53,32.15,3.808,160.06,4.673,7.36
288.64,30.22,113.37,2.325,701.65,6.497,7.027
110.04,43.5,52.29,3.703,335.3,4.229,7.75
261.04,48.89,194.72,2.584,980.21,4.51,8.333
205.72,49.55,40.39,4.025,337.04,5.281,7.258
263.75,65.16,92.65,2.817,557.98,5.175,7.551
159.88,94.88,152.82,2.649,534.05,2.425,9.725
545.26,31.66,146.82,4.739,984.44,8.85,4.689
396.8,20.94,96.09,2.004,713.09,7.465,6.007
439.55,27.77,82.37,1.482,758.61,8.629,5.108
494.59,89.82,91.57,3.338,644.22,7.305,7.116
349.22,68.12,67.57,4.877,509.19,6.121,5.577
143.46,35.73,56.96,2.511,395.68,4.853,7.451
368.55,83.44,106.95,1.248,680.93,5.906,8.121
393.42,87.52,68.34,2.357,481.56,6.197,7.136
472.72,86.19,71.74,3.024,578.0,6.21,6.332
315.83,92.7,138.22,1.648,664.49,3.403,10.078
163.79,32.7,194.34,3.632,875.18,4.51,8.099
241.89,77.95,128.65,4.991,554.33,4.894,9.413
281.54,51.45,33.86,2.807,422.47,5.313,7.006
422.96,85.78,33.61,2.419,403.82,6.31,6.846
385.39,75.56,191.26,2.603,999.33,5.461,8.554
278.05,79.88,73.51,1.461,504.83,5.844,9.734
593.26,69.05,36.57,4.533,639.32,9.484,3.835
402.89,25.97,127.83,2.659,833.35,7.037,5.476
218.61,59.05,132.26,2.549,709.76,4.306,8.203
150.89,98.62,136.73,3.639,424.33,2.386,10.043
176.43,94.36,68.13,2.768,254.35,3.796,8.408
222.98,13.89,22.72,3.593,261.11,6.473,5.793
180.34,24.83,193.7,1.246,917.83,4.501,9.712
193.28,21.86,65.16,4.255,370.41,6.532,6.56
242.55,75.34,141.68,4.762,630.18,4.436,8.162
186.69,83.6,147.19,3.595,576.61,3.676,9.099
548.38,29.22,129.8,4.818,937.48,8.768,4.791
140.12,55.53,76.32,1.606,503.94,4.508,8.413
362.26,85.66,68.8,2.91,504.89,5.032,8.41
305.2,75.95,127.58,3.407,697.19,4.663,9.057
591.19,58.8,175.9,3.327,1185.28,6.928,5.924
156.02,63.13,190.41,2.606,845.63,2.725,9.762
298.93,55.75,39.06,2.352,454.25,5.611,7.481
584.74,36.78,47.87,1.507,783.55,10.14,4.999
532.75,60.85,190.05,2.567,1187.5,7.061,6.291
508.54,72.0,152.58,1.651,1011.01,6.247,6.859
228.95,88.6,178.94,3.937,707.19,3.751,8.773
185.44,67.27,56.47,1.835,419.63,5.737,8.753
434.32,78.5,125.77,1.234,846.75,6.455,8.101
564.69,24.41,146.21,3.209,1042.72,8.28,4.039
378.38,51.54,142.42,3.381,889.89,7.096,6.701
385.81,10.84,93.47,4.488,600.54,7.666,4.153
239.99,32.2,22.77,3.308,343.96,6.337,5.832
484.75,75.38,124.93,2.382,849.74,6.656,7.194
193.52,99.26,65.56,4.212,184.99,4.325,8.455
261.84,18.93,101.05,3.161,565.09,6.248,6.385
312.72,46.13,192.36,1.317,1071.85,5.293,7.597
353.81,82.01,91.83,3.263,549.37,4.884,7.662
221.2,28.36,171.16,4.632,800.67,5.166,7.381
157.42,59.96,53.94,2.585,375.14,3.999,7.939
405.31,75.98,141.04,2.185,855.47,5.708,7.697
244.32,65.44,195.86,1.574,965.73,3.866,9.585
390.62,26.92,38.34,1.606,522.74,7.675,5.177
177.18,41.98,21.5,2.731,313.06,5.907,6.5
340.57,80.54,98.04,3.383,575.72,4.963,8.56
366.29,59.88,36.67,1.322,549.93,6.664,6.519
125.91,10.47,154.71,4.758,572.27,5.034,7.378
268.3,78.49,184.62,4.021,828.7,3.918,9.354
167.21,13.18,98.12,3.346,446.4,4.736,8.799
131.69,77.12,66.57,4.314,285.41,3.996,8.009
594.98,28.22,98.19,1.321,934.18,9.374,4.897
261.18,96.23,150.22,2.907,601.76,3.944,9.074
504.94,43.11,21.63,3.52,591.73,8.957,4.145
227.32,39.42,126.1,4.315,661.84,5.195,6.971
440.75,23.4,130.39,4.134,851.83,7.557,4.677
480.11,37.5,134.78,2.108,939.53,7.643,5.979
397.82,88.9,63.56,4.764,400.18,6.626,5.954
335.79,99.67,148.53,1.497,634.46,4.473,9.813
305.92,43.15,36.45,4.501,404.5,6.914,5.889
274.43,50.37,55.87,4.884,430.36,6.451,6.621
564.76,74.99,177.94,1.709,1135.41,6.894,6.765
515.31,89.76,152.97,3.888,842.7,6.149,6.75
582.51,63.37,22.47,1.161,670.07,8.6,5.261
162.15,45.24,64.71,2.622,459.11,5.158,7.338
465.43,47.14,58.59,3.065,677.64,7.8,5.178
569.17,72.61,68.75,3.323,732.62,7.646,4.886
190.62,10.29,64.56,4.744,309.92,7.409,5.561
133.25,65.76,31.25,3.689,223.82,4.357,7.058
470.56,41.99,102.61,2.925,851.04,7.035,6.314
387.24,81.48,151.89,4.239,776.21,5.747,7.25
520.91,18.37,129.21,4.802,847.1,9.246,4.817
169.89,62.94,141.12,1.088,729.48,4.322,10.148
497.63,53.29,34.61,4.93,550.99,8.633,3.842
200.81,67.81,191.27,1.345,903.43,3.904,9.393
181.83,15.84,170.93,4.258,724.98,5.032,8.733
182.13,62.2,164.92,2.121,807.59,3.88,10.297
507.29,60.53,168.14,1.529,1096.27,6.402,6.965
432.6,60.46,187.89,2.759,1077.51,5.556,7.533
361.53,64.31,117.97,3.576,763.33,6.425,6.829
279.42,70.88,56.05,2.524,467.74,4.991,7.911
538.6,82.45,131.02,1.218,940.83,7.073,6.751
296.22,34.28,153.72,3.398,862.23,5.376,6.16
508.3,84.25,152.83,4.61,880.18,6.185,5.946
319.57,54.84,113.86,2.533,727.29,4.715,7.478
288.47,16.94,32.32,1.865,402.27,7.415,5.398
331.34,15.27,86.8,2.77,585.83,7.134,5.811
250.69,40.08,185.74,1.193,972.89,5.149,8.159
473.8,80.64,125.2,4.282,772.08,6.522,6.205
351.36,73.69,116.9,4.305,690.26,5.673,7.704
216.11,80.98,68.39,3.352,380.3,4.598,8.502
549.79,56.55,86.32,2.412,833.94,8.097,5.433
291.95,49.62,181.16,4.199,936.46,4.869,8.144
371.78,23.27,139.96,3.219,823.35,6.595,6.398
553.24,39.54,161.73,4.304,1079.28,8.482,5.81
412.12,49.06,101.78,3.526,762.36,7.407,5.905
158.45,17.97,133.44,4.138,579.28,4.915,7.15
569.92,29.86,64.71,3.394,766.9,9.354,3.315
413.85,63.84,146.98,2.657,902.25,6.026,7.063
267.45,76.21,96.97,4.832,537.44,4.754,8.149
169.64,99.85,99.66,3.164,265.79,2.778,10.336
497.01,93.98,136.88,3.42,741.14,5.364,7.666
410.04,67.83,188.53,1.882,1069.98,4.92,7.178
366.73,47.91,31.52,3.503,492.48,7.262,6.31
546.95,67.26,168.45,3.286,1076.25,6.728,5.421
494.3,80.71,72.63,1.739,665.25,7.381,7.12
175.84,20.65,99.91,1.238,570.97,5.837,7.656
255.86,46.89,23.94,3.417,362.06,5.689,6.925
224.24,85.58,74.19,4.055,371.57,4.337,7.633
471.97,44.54,110.47,3.094,873.07,6.823,6.323
116.77,61.47,30.11,1.907,295.65,5.016,7.906
384.94,62.9,108.4,3.666,721.61,5.603,6.457
481.23,26.6,186.88,1.32,1148.46,7.739,5.922
538.38,42.6,38.97,2.767,669.81,8.392,3.653
271.04,40.11,157.6,1.653,873.41,5.698,8.162
510.63,12.36,93.74,1.738,778.19,9.17,5.605
155.32,12.18,137.93,1.809,614.52,5.077,9.293
523.23,84.85,66.84,2.547,631.91,7.541,6.313
163.74,34.58,48.71,1.205,403.72,5.843,8.411
298.64,56.63,48.88,2.591,523.78,6.169,7.137
498.65,36.89,32.69,3.047,592.72,8.179,4.78
174.96,94.66,53.42,2.933,193.67,2.84,8.923
214.63,33.34,139.56,2.531,757.25,4.981,8.017
461.13,48.67,178.7,4.357,1048.74,6.779,6.52
460.02,88.55,166.54,1.581,926.51,6.096,7.878
420.57,85.77,143.32,3.023,765.49,5.176,7.696
446.97,26.75,39.88,1.248,630.1,9.051,5.222
371.36,82.24,72.05,1.285,561.14,5.563,8.245
225.9,51.24,75.77,3.295,512.36,5.838,6.966
272.85,53.47,64.99,3.264,516.85,5.514,7.066
190.8,22.01,112.7,4.512,558.41,6.004,7.863
554.23,17.25,116.4,3.231,869.65,8.619,4.86
391.7,75.51,84.24,4.839,561.76,6.668,7.197
300.43,54.68,83.68,1.195,656.62,5.728,7.728
331.0,49.32,169.14,1.392,969.21,5.963,8.266
573.64,75.66,162.07,1.176,1118.17,7.433,7.45
176.68,78.9,75.4,1.741,408.66,4.161,9.965
393.11,24.3,184.48,3.165,1024.62,6.702,5.504
352.94,64.92,191.51,3.582,998.15,4.407,7.307
405.73,22.18,78.81,1.182,679.53,8.057,6.508
109.06,77.62,83.8,4.784,320.51,3.82,8.721
536.06,69.13,111.01,4.369,844.36,8.563,5.249
566.06,96.1,189.4,2.186,1001.61,6.154,6.965
382.57,16.21,177.74,1.309,1007.82,7.475,6.533
448.33,15.13,38.46,1.68,558.76,9.13,4.047
561.25,35.4,90.69,1.508,912.27,10.017,6.072
453.62,33.55,119.61,1.493,898.19,7.237,6.115
176.27,32.23,110.56,3.074,579.07,4.758,7.711
388.14,91.56,54.9,1.983,418.14,5.342,7.89
403.36,32.46,174.59,2.433,1031.88,5.538,7.244
312.07,34.48,141.85,4.958,786.0,6.57,6.942
468.22,78.35,170.82,3.737,919.79,5.974,7.728
567.18,50.48,174.58,4.796,1120.41,8.016,4.968
562.78,79.9,154.7,1.57,1023.3,7.213,6.822
325.42,15.88,99.06,2.529,629.63,8.215,6.49
156.62,53.88,129.9,3.219,669.57,3.635,8.433
592.42,13.03,48.87,1.307,706.22,10.926,3.745
519.45,15.64,141.26,1.017,1002.58,8.846,5.62
162.33,91.58,52.27,3.682,180.36,3.744,9.259
560.42,22.53,144.91,3.567,1012.99,8.611,3.683
534.95,57.92,61.33,2.643,762.78,7.977,5.636
359.42,47.0,41.16,2.959,544.91,7.517,5.942
395.64,41.26,49.75,2.662,576.24,7.827,6.125
299.5,90.99,20.36,1.096,254.31,5.878,8.597
127.38,11.96,149.37,2.341,619.14,3.763,8.935
267.6,69.74,151.83,1.708,818.41,4.438,9.634
501.43,96.71,112.69,1.394,705.46,7.71,8.272
102.32,60.42,49.05,4.827,253.99,4.359,8.758
266.75,94.31,35.04,3.397,196.59,5.088,8.172
299.08,14.7,23.44,3.915,275.5,8.258,5.125
368.7,47.69,49.83,2.261,602.26,7.141,6.737
559.93,33.41,180.35,2.573,1173.1,7.628,5.921
273.17,75.77,63.48,1.948,471.28,4.271,7.984
273.48,98.32,83.77,1.388,380.46,4.866,9.385
468.75,33.09,38.96,1.716,646.32,8.493,5.1
326.11,68.88,60.03,4.19,438.66,6.141,6.374
212.3,27.83,113.46,3.71,608.03,4.938,7.803
326.22,60.88,129.4,3.188,776.2,5.111,7.582
170.43,51.75,64.16,2.9,436.02,4.563,8.985
188.19,97.48,30.39,4.69,77.11,4.437,7.503
349.18,64.77,90.39,1.291,682.41,5.883,7.388
309.46,41.46,62.16,2.122,587.98,7.059,6.769
557.42,20.27,59.52,2.4,722.43,9.372,4.593
281.2,23.61,192.78,4.13,938.24,4.958,7.347
390.29,30.28,130.93,4.97,786.26,7.43,5.76
416.13,32.59,120.24,1.963,850.62,7.41,5.698
106.55,86.56,94.84,4.497,321.1,3.184,8.765
431.77,60.51,97.21,4.322,733.91,7.604,6.198
189.02,57.11,117.36,1.899,637.61,4.349,8.123
580.54,20.33,145.36,2.597,1024.4,8.855,4.374
174.33,87.41,146.39,2.639,588.47,2.36,10.15
307.31,75.05,50.9,4.913,397.84,6.406,6.337
142.67,16.09,110.02,1.724,527.85,5.428,8.727
598.44,73.71,94.15,4.197,765.42,8.142,5.718
351.1,58.92,176.69,2.337,998.86,4.48,7.239
397.69,17.36,133.66,3.923,770.66,8.067,5.032
133.54,51.25,115.85,2.68,568.21,3.276,7.681
474.98,53.62,40.77,3.313,564.42,7.622,4.831
204.95,24.92,129.01,4.33,643.42,5.687,7.482
549.03,95.11,41.1,4.217,431.01,7.234,5.4
202.57,86.5,80.7,4.466,334.61,3.613,8.672
195.34,70.21,45.71,1.238,408.7,4.245,7.868
118.27,51.61,144.57,3.768,667.97,3.784,9.316
336.03,47.06,57.13,1.56,620.43,6.735,6.549
382.42,68.59,90.53,2.663,654.38,7.167,7.111
132.85,59.09,181.22,3.194,798.96,2.424,9.517
487.76,15.6,56.78,2.611,596.03,8.629,3.715
326.64,56.13,111.4,3.078,726.02,5.274,6.685
362.2,82.58,95.47,4.986,536.55,6.082,7.522
320.38,51.33,23.26,1.541,471.01,6.827,6.947
300.38,14.68,162.7,3.702,800.14,6.462,7.079
379.82,80.77,32.43,2.584,415.97,5.826,7.096
177.62,28.12,105.37,1.532,616.37,4.913,8.088
190.96,33.28,120.92,1.635,714.63,4.529,7.326
530.89,24.82,133.12,4.797,905.87,8.062,4.254
573.06,39.72,143.95,4.518,1011.35,8.5,4.677
286.65,78.11,65.59,4.628,412.55,5.398,8.294
235.37,56.74,21.8,4.966,277.75,5.967,6.891
422.0,28.44,150.22,1.833,986.18,7.829,7.197
304.37,89.0,116.42,2.422,577.11,4.932,8.972
112.69,89.16,170.5,3.677,566.61,1.884,10.02
178.08,88.35,167.85,2.935,639.24,1.76,10.082
457.99,31.49,171.8,2.674,1068.1,6.821,6.315
429.46,50.61,107.32,2.431,824.67,6.691,5.957
113.55,98.65,80.05,3.375,173.66,2.263,9.647
210.99,79.48,162.48,3.302,733.44,2.942,9.228
215.54,12.45,101.23,1.646,538.15,6.05,7.97
435.95,15.87,53.02,2.887,558.1,8.244,3.612
109.86,51.75,173.9,3.214,777.34,2.638,10.051
152.05,91.83,178.86,3.281,601.39,2.173,9.874
499.96,58.48,103.94,1.84,883.57,7.814,5.556
189.27,54.8,33.63,3.969,304.87,4.936,7.865
426.37,19.49,89.81,1.101,753.01,9.049,6.108
219.09,69.11,164.64,2.419,785.22,3.311,9.868
149.72,83.99,182.32,4.121,685.94,1.956,10.309
221.59,44.24,56.63,3.256,471.68,5.577,8.174
461.13,79.81,32.06,2.045,506.94,6.952,6.692
527.85,96.8,177.92,3.78,889.16,6.036,7.248
515.11,28.34,90.09,3.27,792.98,7.546,4.821
298.59,57.1,117.52,4.185,688.67,6.129,7.866
434.04,35.84,194.25,3.94,1114.83,6.968,5.974
202.49,81.36,31.98,3.44,218.59,3.84,7.783
246.57,61.98,136.7,2.953,722.7,3.667,8.214
548.17,67.11,33.34,1.533,660.29,9.391,4.449
106.5,81.81,87.58,2.045,362.03,2.822,9.934
142.75,45.64,164.69,2.676,766.55,3.207,8.128
203.94,92.36,98.03,3.397,358.0,2.541,9.127
113.27,57.97,199.49,3.055,845.74,2.28,10.344
190.72,24.22,120.63,2.153,640.38,5.222,7.523
391.52,72.63,77.81,1.026,664.41,7.034,8.356
310.71,81.39,59.62,2.985,443.22,4.516,6.927
546.34,38.51,83.09,2.143,855.76,8.212,5.568
508.72,87.15,87.06,3.938,625.92,7.158,6.571
270.91,91.55,32.37,1.096,268.15,5.803,7.716
229.71,34.92,86.52,3.339,563.11,4.892,8.429
289.85,98.52,103.56,4.766,401.02,5.046,8.211
395.15,22.66,150.09,1.698,925.75,7.307,6.072
234.03,28.18,138.21,2.887,728.01,5.595,6.786
412.07,26.58,147.58,1.366,937.21,7.473,6.457
304.71,90.46,21.51,3.503,189.04,4.31,7.377
376.02,68.89,59.18,3.202,555.34,6.122,6.741
318.06,23.69,139.1,2.629,809.28,6.651,6.619
247.23,49.63,107.12,3.086,664.66,4.589,7.973
574.23,65.38,20.96,4.586,557.48,9.051,4.007
481.8,17.51,164.81,1.785,1044.83,8.06,4.816
170.06,89.42,159.11,1.09,639.34,2.031,10.511
534.23,82.32,118.72,4.447,797.39,7.933,4.865
343.72,55.47,31.96,3.308,460.87,6.216,6.418
547.28,97.04,157.97,4.563,801.15,6.809,6.254
499.93,47.6,125.07,3.388,936.26,7.441,5.745
312.61,98.57,160.75,4.241,620.2,4.561,9.449
111.23,70.11,155.31,2.719,668.78,2.731,9.477
234.34,67.12,164.54,3.999,782.27,3.99,9.115
370.82,24.94,113.24,4.652,708.44,7.131,5.302
416.74,89.37,45.26,3.288,439.04,6.468,7.69
228.94,48.47,140.81,1.723,811.03,4.189,8.331
169.68,24.6,131.69,2.075,676.64,5.27,7.655
517.47,11.13,153.61,1.795,981.06,8.347,5.536
592.2,60.38,50.58,1.987,774.53,9.511,4.765
362.85,57.47,55.1,2.226,589.4,6.728,6.284
185.84,74.74,180.27,3.221,779.19,3.159,9.353
236.15,90.12,155.0,3.352,621.61,3.281,9.337
109.2,17.15,183.48,2.706,746.31,3.159,9.335
557.15,75.83,156.57,3.462,951.9,6.571,5.378
158.88,26.87,127.49,1.326,671.66,5.446,8.424
388.26,87.24,137.74,1.351,760.47,5.614,8.796
237.03,83.72,180.04,1.687,828.43,4.056,10.006
377.09,58.67,124.19,3.072,811.83,5.959,7.719
425.71,73.92,133.83,1.856,840.74,5.772,7.556
514.87,38.29,48.17,2.133,698.09,8.547,4.779
203.21,52.41,105.31,2.601,605.64,4.608,8.515
105.5,83.95,148.95,4.247,525.4,1.62,9.939
168.44,51.33,68.77,1.055,508.24,5.904,8.368
550.01,42.2,56.41,3.598,738.65,9.086,4.609
536.95,54.48,76.49,3.676,762.28,8.731,4.675
398.71,84.54,63.47,4.195,465.97,5.662,6.417
400.26,40.17,58.68,4.731,554.76,8.401,4.907
432.52,25.64,96.47,1.081,805.07,9.252,6.626
187.69,74.08,183.41,1.615,842.76,2.846,8.46
557.21,84.34,111.27,4.545,767.62,7.856,6.02
309.39,19.06,53.83,2.834,469.97,7.051,5.802
291.57,31.59,33.85,3.258,424.9,6.115,5.136
359.46,22.78,145.31,3.652,852.44,6.916,6.32
123.48,41.31,88.9,3.716,467.72,4.726,8.264
183.14,50.53,167.93,4.727,774.58,4.087,8.607
469.02,77.39,138.71,4.988,798.72,7.243,5.135
141.4,68.6,163.32,3.881,681.64,2.408,10.079
401.58,65.88,68.95,2.149,641.16,6.092,6.44
222.67,41.71,144.62,4.519,748.07,5.191,7.904
294.65,85.73,67.53,1.197,453.74,5.431,8.902
244.35,52.42,189.03,1.924,962.71,4.124,8.492
277.84,98.12,134.55,4.59,482.28,4.449,9.02
459.52,67.07,78.41,2.025,712.55,7.401,6.32
248.56,21.36,68.51,1.883,508.15,6.95,5.737
383.2,70.86,54.37,1.553,544.57,6.692,7.722
338.03,39.26,145.04,4.436,850.28,6.568,6.205
431.84,71.77,59.37,3.0,575.37,6.393,5.965
568.41,16.27,127.15,3.7,922.23,10.026,3.901
466.29,25.74,67.63,1.956,681.72,8.307,5.267
207.47,87.02,139.15,4.032,563.74,4.328,9.104
115.59,30.45,166.69,4.04,721.68,4.006,8.718
231.13,85.33,160.04,2.25,709.71,2.901,8.967
397.54,35.13,156.95,2.643,947.5,7.042,6.279
125.71,67.86,53.79,1.839,355.87,4.198,8.958
348.18,72.47,35.91,4.906,363.3,7.051,7.225
398.42,56.14,145.81,3.582,894.48,6.564,6.823
267.12,37.48,86.3,4.738,571.01,6.514,6.972
485.46,29.14,97.82,2.214,838.98,8.08,5.324
153.3,12.99,25.61,4.128,174.73,6.729,5.939
137.57,37.36,66.72,4.063,379.0,5.013,7.345
464.09,68.78,26.06,3.767,500.3,7.898,5.397
347.75,94.45,178.25,4.863,728.14,3.745,8.677
444.2,88.41,63.81,2.574,482.16,6.501,7.652
317.41,78.95,120.32,1.523,710.88,4.938,8.755
223.2,80.96,27.02,3.687,225.36,5.469,8.401
509.55,69.85,140.03,3.917,937.77,7.216,5.762
499.71,33.43,78.14,3.3,737.27,8.429,4.589
447.35,91.65,181.63,1.827,876.76,5.571,8.077
236.07,70.37,179.86,3.018,851.01,3.059,9.273
395.12,60.44,78.55,2.249,687.48,7.302,6.584
280.49,19.99,182.17,2.71,876.61,6.296,7.729
145.79,50.23,199.31,3.581,864.84,3.347,8.794
558.66,51.43,168.57,3.981,1152.95,8.386,5.587
168.41,87.81,172.08,1.929,677.66,2.53,10.773
575.12,59.2,64.82,2.621,793.01,8.16,4.004
323.0,44.24,123.81,2.077,796.15,6.051,8.419
192.57,97.91,32.11,1.795,97.86,4.323,9.038
370.95,19.96,37.09,4.134,432.81,8.036,3.75
536.47,48.03,199.8,4.637,1184.57,7.796,5.835
466.11,13.78,78.8,2.481,666.25,8.79,4.745
503.28,76.59,154.67,4.005,927.48,6.191,6.576
429.39,92.63,165.2,4.588,778.3,5.706,8.115
446.14,35.2,174.44,4.384,1019.27,7.56,6.29
524.6,87.25,199.57,1.731,1071.51,6.209,8.046
224.83,36.3,63.47,4.825,443.1,6.716,6.703
344.71,91.97,27.26,2.507,247.97,5.126,7.47
210.6,77.86,94.01,2.357,471.23,4.275,9.772
593.83,82.44,43.41,1.25,660.39,8.263,5.042
572.03,11.62,24.04,2.945,554.06,9.708,3.199
119.71,96.65,84.88,1.436,271.94,2.822,10.392
452.79,75.4,161.07,1.994,944.66,5.681,8.059
562.62,37.43,121.91,2.268,982.45,8.358,4.739
190.29,84.65,76.3,4.235,327.51,4.009,7.638
383.97,35.34,137.78,4.502,813.72,7.337,6.094
557.74,88.55,61.76,2.21,603.24,7.491,6.29
116.97,20.13,22.59,4.435,171.75,5.28,7.308
448.71,73.33,157.58,4.429,921.39,6.739,6.222
248.67,58.66,132.27,4.059,699.77,4.493,8.453
562.2,18.69,157.21,1.587,1087.49,9.031,6.343
585.53,31.77,27.01,3.761,603.74,10.115,3.222
572.13,11.12,170.68,4.78,1020.76,9.473,3.384
337.11,52.19,131.51,3.73,786.88,6.22,6.861
531.02,37.11,121.41,2.326,967.16,8.444,5.388
522.27,63.85,132.43,3.002,946.68,6.639,6.443
259.55,36.75,175.6,3.583,909.32,5.842,7.412
514.46,36.99,125.65,3.042,932.12,7.873,6.116
118.5,76.89,124.57,1.48,567.63,3.182,9.603
398.13,14.33,198.32,2.248,1037.5,7.254,5.684
215.0,91.26,156.21,4.21,579.28,3.434,9.87
160.28,86.7,99.61,4.446,364.46,3.744,7.844
138.48,70.1,147.33,1.549,675.24,4.386,9.902
448.14,63.39,90.06,4.81,695.25,7.293,7.333
269.94,90.31,61.2,2.315,350.07,4.525,8.461
462.38,26.68,127.43,3.649,871.22,7.855,4.72
132.68,17.11,187.07,4.007,748.6,4.774,8.092
257.65,31.56,187.25,4.248,913.86,4.654,7.458
369.75,81.51,81.54,4.783,523.98,5.364,6.948
495.36,13.12,114.98,2.252,809.97,8.475,5.236
259.38,62.45,58.09,4.434,448.57,5.059,6.53
412.95,99.59,199.21,1.527,874.09,4.569,10.062
542.99,87.01,196.6,3.82,1054.1,6.383,7.209
407.93,56.93,136.91,3.968,873.22,6.033,6.987
216.48,15.73,164.79,3.711,712.23,4.759,6.961
112.2,84.82,148.72,2.009,574.31,2.514,11.175
535.05,63.91,126.77,4.492,896.97,8.107,5.428
110.63,20.34,29.6,1.675,239.67,5.052,7.657
537.35,18.45,101.86,1.215,889.69,9.844,4.442
364.47,91.87,141.46,3.87,650.68,5.149,7.595
569.53,70.23,141.96,2.902,989.02,7.59,6.444
499.39,84.64,87.16,4.396,629.39,7.629,5.875
598.97,89.11,189.5,2.534,1094.23,7.489,6.59
275.36,61.46,50.12,1.673,491.15,5.797,7.319
483.59,56.57,110.06,4.346,843.08,7.62,5.975
300.97,48.74,144.36,3.196,837.89,5.016,7.225
339.94,38.53,145.48,1.757,867.78,6.287,7.305
413.75,49.11,136.76,3.882,873.83,7.262,6.374
536.84,79.65,69.55,3.044,657.15,6.763,4.918
592.04,64.17,48.12,3.417,710.32,8.337,3.909
484.14,90.33,134.47,2.844,736.79,6.4,7.496
308.88,49.9,127.87,4.315,788.31,6.247,6.642
310.68,64.64,52.28,4.318,462.37,6.027,7.209
468.79,66.82,146.93,3.838,926.16,6.891,7.056
219.39,63.25,101.93,1.422,645.44,5.045,9.095
155.24,73.24,140.2,4.355,627.15,4.096,9.96
277.31,31.37,170.73,3.684,887.49,5.428,7.283
243.62,56.11,50.55,3.788,442.42,5.973,7.428
248.15,19.38,23.45,2.452,324.58,7.942,5.803
216.8,44.61,160.24,4.517,780.05,5.074,9.077
121.05,53.89,129.75,3.901,595.21,3.677,9.767
108.94,68.7,145.94,1.45,654.17,3.478,10.22
593.86,95.55,170.87,2.631,946.78,6.365,7.228
313.89,64.06,164.51,4.546,825.99,6.145,8.372
292.16,76.92,192.97,1.189,951.14,4.481,9.47
439.82,55.56,116.47,4.846,775.03,7.196,5.531
209.13,67.07,107.93,3.717,571.62,3.952,8.74
574.98,16.38,92.34,3.526,799.54,9.984,3.797
493.17,32.9,47.66,2.082,672.98,9.182,4.985
144.71,42.57,123.07,1.995,645.5,4.142,8.334
308.79,52.52,69.86,4.768,578.84,6.751,5.515
539.56,14.11,185.84,2.193,1138.74,7.833,5.425
572.37,22.6,124.97,4.102,907.55,9.311,4.571
333.7,34.91,126.71,2.572,807.16,6.375,6.76
406.71,97.44,83.89,1.557,493.78,6.565,8.759
183.52,39.82,29.36,1.043,365.04,5.821,7.355
595.58,53.38,25.71,3.177,640.39,8.657,3.614
215.84,27.65,96.2,4.903,526.97,5.77,6.56
571.37,64.97,35.22,2.477,650.91,8.087,4.946
424.82,35.26,129.23,2.429,908.68,7.661,6.608
403.87,28.63,178.58,2.376,1049.68,7.263,6.313
356.34,56.49,178.92,3.082,1010.8,5.24,8.393
215.33,10.5,138.63,2.763,629.23,6.036,8.133
188.26,10.69,58.02,4.52,301.29,6.643,6.019
210.24,29.72,175.34,3.022,855.31,4.428,8.681
193.22,13.3,179.5,3.031,769.17,4.617,7.211
489.79,19.72,55.4,1.553,652.29,9.207,5.299
275.06,40.5,152.74,4.931,817.43,5.162,7.586
128.92,82.23,71.57,2.0,338.74,3.612,9.983
584.55,61.48,164.48,1.293,1175.28,8.023,6.417
541.89,56.14,199.5,3.653,1194.05,7.299,4.771
563.88,36.41,25.4,3.381,608.75,9.482,3.5
597.45,93.86,181.53,2.661,1003.28,6.414,6.74
186.95,45.73,132.07,2.689,702.04,3.953,7.901
298.12,17.84,195.21,4.14,900.77,5.979,6.921
479.12,65.54,103.7,1.783,837.53,7.57,6.426
448.01,20.25,172.53,4.281,947.16,7.203,5.052
176.95,41.07,31.23,3.595,301.65,5.498,6.521
507.92,55.67,80.35,2.676,795.88,7.829,5.25
212.22,88.68,32.06,2.832,209.15,3.921,8.994
211.91,54.42,195.56,2.027,950.06,3.685,8.954
368.49,73.2,167.06,4.008,860.84,5.314,7.459
396.47,99.35,173.46,3.051,736.52,3.817,8.4
390.04,21.83,188.83,2.283,1031.47,6.784,6.907
145.74,34.73,35.32,3.384,313.06,4.858,7.442
538.73,45.51,89.41,4.983,810.17,9.346,2.932
232.8,47.96,32.79,2.741,385.87,6.6,7.593
164.76,46.99,57.94,4.683,358.11,4.987,7.984
544.37,91.68,61.29,2.38,575.58,7.542,5.769
577.83,74.26,104.44,1.219,886.79,7.928,5.798
531.06,64.71,68.34,1.817,752.43,8.575,5.606
504.76,37.84,38.18,2.675,661.06,8.154,4.299
427.62,84.14,50.15,1.879,516.56,6.891,7.153
375.43,95.96,46.51,1.001,375.56,5.861,7.067
143.49,83.91,195.15,4.66,683.18,2.547,9.364
304.23,10.14,156.67,4.376,741.37,6.309,6.894
286.34,67.28,194.2,3.969,945.13,4.62,8.015
229.88,14.6,99.15,1.671,561.85,6.066,7.711
461.71,33.18,70.11,1.481,758.49,8.749,5.736
347.94,15.36,163.69,1.27,927.22,6.936,6.028
140.52,64.34,78.73,3.896,438.87,4.0,8.742
210.09,71.79,73.89,4.715,409.28,4.953,7.739
441.63,20.3,61.85,2.722,627.73,7.995,4.65
138.07,44.55,43.34,1.477,403.33,5.304,8.345
525.6,51.06,66.16,3.05,755.5,8.695,5.311
347.57,43.21,83.96,2.395,671.6,6.27,6.991
340.29,20.89,141.32,2.499,812.35,7.032,7.157
396.2,47.71,31.26,3.485,511.98,8.012,5.733
512.34,77.61,57.89,3.875,576.19,7.24,4.958
273.9,16.39,165.62,1.442,850.63,5.632,7.287
439.01,17.22,46.45,1.142,604.13,9.273,6.598
382.87,41.93,81.68,4.977,603.15,7.326,5.881
233.51,94.76,175.64,1.931,715.16,3.911,11.336
539.31,70.17,47.89,1.215,705.45,8.537,6.603
498.71,71.08,34.89,1.76,583.93,7.681,6.085
429.23,42.57,107.22,1.156,868.83,7.222,6.719
525.29,63.43,74.44,2.567,762.32,8.215,5.656
533.65,10.91,121.41,4.21,837.18,9.05,3.141
454.18,67.25,164.68,2.365,1023.52,6.149,7.33
518.51,92.2,44.69,2.777,456.24,7.444,6.837
448.74,65.13,124.53,3.702,847.04,6.375,6.199
440.07,88.63,110.99,3.036,662.21,5.628,7.544
409.31,75.16,45.93,4.446,466.92,6.951,6.532
476.36,20.85,132.32,4.464,843.01,8.674,4.344
179.3,91.22,69.26,1.04,352.76,4.384,9.457
540.44,15.98,107.81,4.112,823.71,9.204,3.491
535.92,58.06,34.81,2.843,629.85,8.358,4.538
114.62,22.79,102.73,4.955,418.68,5.069,6.664
512.91,11.05,75.16,2.933,666.22,8.482,3.65
164.43,47.98,168.03,4.948,759.9,4.407,9.03
267.56,36.55,30.26,4.018,380.05,7.441,5.595
471.75,53.74,95.35,1.994,846.78,7.201,6.257
180.38,61.95,102.52,3.154,569.29,3.672,8.243
508.98,13.94,150.5,4.969,912.88,8.606,4.95
516.07,21.07,123.37,4.43,863.07,9.157,5.064
353.73,60.28,140.1,1.389,864.43,6.152,8.395
103.19,40.89,159.87,3.825,697.16,3.473,9.005
243.52,75.63,175.2,2.382,842.11,3.294,9.242
408.46,68.71,76.5,1.028,687.89,7.084,6.654
590.59,86.1,116.84,2.614,851.1,6.683,7.214
415.91,72.32,171.22,1.939,982.34,5.759,7.593
229.9,48.69,198.1,4.275,915.21,4.716,8.652
417.0,70.57,180.11,2.349,1015.44,5.012,8.407
369.99,34.78,86.86,4.31,656.01,6.699,5.382
489.92,37.57,55.13,1.002,719.52,9.652,5.977
153.49,81.01,108.09,2.231,482.77,3.087,9.996
480.51,50.18,153.5,1.965,1030.05,7.633,7.471
370.63,81.85,108.66,1.934,691.55,5.529,7.762
581.5,84.02,106.97,1.273,845.42,7.851,5.914
270.94,87.18,170.88,1.748,796.33,4.061,9.379
416.31,92.5,85.05,3.222,540.89,5.273,7.433
566.01,48.79,174.76,2.165,1186.14,7.836,6.063
151.25,38.7,93.22,2.67,519.41,4.399,7.886
568.61,62.4,79.08,2.507,788.89,7.692,4.407
443.94,43.41,101.72,4.504,748.47,7.857,5.652
133.92,64.1,157.24,4.621,645.21,3.387,10.024
250.48,73.5,42.68,2.972,385.56,4.821,7.969
454.09,71.96,55.36,2.321,608.04,6.616,6.688
133.68,43.71,191.26,1.427,903.05,4.379,10.013
391.09,25.02,51.59,4.814,473.4,8.721,4.892
272.94,48.75,122.19,1.241,759.41,6.134,8.594
410.46,22.83,124.28,2.191,848.18,7.378,6.185
122.87,90.11,108.13,2.192,399.27,2.076,9.988
535.77,41.13,136.05,2.282,1021.0,8.832,5.226
586.74,23.9,61.37,1.657,790.5,10.049,4.015
584.44,12.29,119.48,4.133,889.88,9.434,3.805
474.83,68.12,86.99,1.49,769.38,7.605,6.51
165.04,67.32,139.1,3.54,644.85,3.922,9.186
